AQI Median,O3 AQI,PM2.5 AQI,Traffic pollution,Area burned
0.0450090518456,0.0625969443268,0.0572815616366,0.067908560287,0.0288927582485
